what,kind,bundleId,bundleVersion,description,time
opened,editor,org.eclipse.jdt.ui,3.7.1.r371_v20110824-0800,"org.eclipse.jdt.ui.CompilationUnitEditor",1496461830921
activated,editor,org.eclipse.jdt.ui,3.7.1.r371_v20110824-0800,"org.eclipse.jdt.ui.CompilationUnitEditor",1496461830952
executed,command,org.eclipse.ui,3.7.0.I20110602-0100,"org.eclipse.ui.edit.cut",1496461846774
executed,command,org.eclipse.ui,3.7.0.I20110602-0100,"org.eclipse.ui.edit.paste",1496461848446
executed,command,org.eclipse.ui,3.7.0.I20110602-0100,"org.eclipse.ui.file.saveAll",1496461851728
executed,command,org.eclipse.ui,3.7.0.I20110602-0100,"org.eclipse.ui.file.saveAll",1496461871464
executed,command,org.eclipse.ui,3.7.0.I20110602-0100,"org.eclipse.ui.file.saveAll",1496461894310
activated,editor,org.eclipse.jdt.ui,3.7.1.r371_v20110824-0800,"org.eclipse.jdt.ui.CompilationUnitEditor",1496461896732
closed,editor,org.eclipse.jdt.ui,3.7.1.r371_v20110824-0800,"org.eclipse.jdt.ui.CompilationUnitEditor",1496461896732
activated,editor,org.eclipse.jdt.ui,3.7.1.r371_v20110824-0800,"org.eclipse.jdt.ui.CompilationUnitEditor",1496461897310
executed,command,org.eclipse.ui,3.7.0.I20110602-0100,"org.eclipse.ui.file.saveAll",1496461925158
activated,editor,org.eclipse.jdt.ui,3.7.1.r371_v20110824-0800,"org.eclipse.jdt.ui.CompilationUnitEditor",1496461928002
executed,command,org.eclipse.ui,3.7.0.I20110602-0100,"org.eclipse.ui.file.saveAll",1496461955208
activated,editor,org.eclipse.jdt.ui,3.7.1.r371_v20110824-0800,"org.eclipse.jdt.ui.CompilationUnitEditor",1496462035041
executed,command,org.eclipse.ui,3.7.0.I20110602-0100,"org.eclipse.ui.file.saveAll",1496462051627
deactivated,workbench,org.eclipse.ui.workbench,3.7.0.I20110519-0100,"",1496462052564
activated,workbench,org.eclipse.ui.workbench,3.7.0.I20110519-0100,"",1496462054581
activated,view,org.eclipse.ui.console,3.5.100.v20110511,"org.eclipse.ui.console.ConsoleView",1496462055521
executed,command,org.eclipse.ui,3.7.0.I20110602-0100,"org.eclipse.ui.edit.copy",1496462056605
deactivated,workbench,org.eclipse.ui.workbench,3.7.0.I20110519-0100,"",1496462057106
activated,workbench,org.eclipse.ui.workbench,3.7.0.I20110519-0100,"",1496462066640
activated,editor,org.eclipse.jdt.ui,3.7.1.r371_v20110824-0800,"org.eclipse.jdt.ui.CompilationUnitEditor",1496462083272
executed,command,org.eclipse.ui,3.7.0.I20110602-0100,"org.eclipse.ui.edit.copy",1496462090906
executed,command,org.eclipse.ui,3.7.0.I20110602-0100,"org.eclipse.ui.edit.paste",1496462092374
executed,command,org.eclipse.ui,3.7.0.I20110602-0100,"org.eclipse.ui.edit.paste",1496462093999
executed,command,org.eclipse.ui,3.7.0.I20110602-0100,"org.eclipse.ui.edit.paste",1496462095593
executed,command,org.eclipse.ui,3.7.0.I20110602-0100,"org.eclipse.ui.edit.paste",1496462096922
executed,command,org.eclipse.ui,3.7.0.I20110602-0100,"org.eclipse.ui.edit.paste",1496462098454
executed,command,org.eclipse.ui,3.7.0.I20110602-0100,"org.eclipse.ui.edit.paste",1496462099734
executed,command,org.eclipse.ui,3.7.0.I20110602-0100,"org.eclipse.ui.file.saveAll",1496462105682
deactivated,workbench,org.eclipse.ui.workbench,3.7.0.I20110519-0100,"",1496462106778
activated,workbench,org.eclipse.ui.workbench,3.7.0.I20110519-0100,"",1496462108981
activated,view,org.eclipse.ui.console,3.5.100.v20110511,"org.eclipse.ui.console.ConsoleView",1496462108997
executed,command,org.eclipse.ui,3.7.0.I20110602-0100,"org.eclipse.ui.edit.copy",1496462111314
deactivated,workbench,org.eclipse.ui.workbench,3.7.0.I20110519-0100,"",1496462111813
activated,workbench,org.eclipse.ui.workbench,3.7.0.I20110519-0100,"",1496462127467
activated,editor,org.eclipse.jdt.ui,3.7.1.r371_v20110824-0800,"org.eclipse.jdt.ui.CompilationUnitEditor",1496462131601
activated,view,org.eclipse.ui.console,3.5.100.v20110511,"org.eclipse.ui.console.ConsoleView",1496462133883
executed,command,org.eclipse.ui,3.7.0.I20110602-0100,"org.eclipse.ui.file.saveAll",1496462135039
activated,editor,org.eclipse.jdt.ui,3.7.1.r371_v20110824-0800,"org.eclipse.jdt.ui.CompilationUnitEditor",1496462136405
executed,command,org.eclipse.ui,3.7.0.I20110602-0100,"org.eclipse.ui.edit.copy",1496462147907
executed,command,org.eclipse.ui,3.7.0.I20110602-0100,"org.eclipse.ui.edit.paste",1496462149969
executed,command,org.eclipse.ui,3.7.0.I20110602-0100,"org.eclipse.ui.edit.undo",1496462150422
executed,command,org.eclipse.ui,3.7.0.I20110602-0100,"org.eclipse.ui.edit.paste",1496462152376
executed,command,org.eclipse.ui,3.7.0.I20110602-0100,"org.eclipse.ui.edit.paste",1496462154970
executed,command,org.eclipse.ui,3.7.0.I20110602-0100,"org.eclipse.ui.edit.paste",1496462157189
executed,command,org.eclipse.ui,3.7.0.I20110602-0100,"org.eclipse.ui.edit.paste",1496462160857
executed,command,org.eclipse.ui,3.7.0.I20110602-0100,"org.eclipse.ui.edit.paste",1496462162576
executed,command,org.eclipse.ui,3.7.0.I20110602-0100,"org.eclipse.ui.edit.paste",1496462164077
executed,command,org.eclipse.ui,3.7.0.I20110602-0100,"org.eclipse.ui.edit.paste",1496462165577
executed,command,org.eclipse.ui,3.7.0.I20110602-0100,"org.eclipse.ui.edit.undo",1496462170015
executed,command,org.eclipse.ui,3.7.0.I20110602-0100,"org.eclipse.ui.file.saveAll",1496462175073
executed,command,org.eclipse.ui,3.7.0.I20110602-0100,"org.eclipse.ui.edit.paste",1496462203846
executed,command,org.eclipse.ui,3.7.0.I20110602-0100,"org.eclipse.ui.file.saveAll",1496462209190
deactivated,workbench,org.eclipse.ui.workbench,3.7.0.I20110519-0100,"",1496462209956
activated,workbench,org.eclipse.ui.workbench,3.7.0.I20110519-0100,"",1496462212019
activated,view,org.eclipse.ui.console,3.5.100.v20110511,"org.eclipse.ui.console.ConsoleView",1496462212032
executed,command,org.eclipse.ui,3.7.0.I20110602-0100,"org.eclipse.ui.edit.copy",1496462213747
deactivated,workbench,org.eclipse.ui.workbench,3.7.0.I20110519-0100,"",1496462214310
activated,workbench,org.eclipse.ui.workbench,3.7.0.I20110519-0100,"",1496462227410
activated,editor,org.eclipse.jdt.ui,3.7.1.r371_v20110824-0800,"org.eclipse.jdt.ui.CompilationUnitEditor",1496462230444
executed,command,org.eclipse.ui,3.7.0.I20110602-0100,"org.eclipse.ui.file.saveAll",1496462233614
activated,view,org.eclipse.jdt.ui,3.7.1.r371_v20110824-0800,"org.eclipse.jdt.ui.PackageExplorer",1496462245910
opened,editor,org.eclipse.jdt.ui,3.7.1.r371_v20110824-0800,"org.eclipse.jdt.ui.CompilationUnitEditor",1496462246128
activated,editor,org.eclipse.jdt.ui,3.7.1.r371_v20110824-0800,"org.eclipse.jdt.ui.CompilationUnitEditor",1496462246160
activated,editor,org.eclipse.jdt.ui,3.7.1.r371_v20110824-0800,"org.eclipse.jdt.ui.CompilationUnitEditor",1496462262087
closed,editor,org.eclipse.jdt.ui,3.7.1.r371_v20110824-0800,"org.eclipse.jdt.ui.CompilationUnitEditor",1496462262087
executed,command,org.eclipse.ui,3.7.0.I20110602-0100,"org.eclipse.ui.file.saveAll",1496462271169
deactivated,workbench,org.eclipse.ui.workbench,3.7.0.I20110519-0100,"",1496462271981
activated,workbench,org.eclipse.ui.workbench,3.7.0.I20110519-0100,"",1496462275687
activated,view,org.eclipse.ui.console,3.5.100.v20110511,"org.eclipse.ui.console.ConsoleView",1496462275702
executed,command,org.eclipse.ui,3.7.0.I20110602-0100,"org.eclipse.ui.edit.copy",1496462277387
deactivated,workbench,org.eclipse.ui.workbench,3.7.0.I20110519-0100,"",1496462277770
activated,workbench,org.eclipse.ui.workbench,3.7.0.I20110519-0100,"",1496462286934
activated,editor,org.eclipse.jdt.ui,3.7.1.r371_v20110824-0800,"org.eclipse.jdt.ui.CompilationUnitEditor",1496462288779
executed,command,org.eclipse.ui,3.7.0.I20110602-0100,"org.eclipse.ui.file.saveAll",1496462294214
activated,editor,org.eclipse.jdt.ui,3.7.1.r371_v20110824-0800,"org.eclipse.jdt.ui.CompilationUnitEditor",1496462322744
activated,view,org.eclipse.jdt.ui,3.7.1.r371_v20110824-0800,"org.eclipse.jdt.ui.PackageExplorer",1496462343494
activated,editor,org.eclipse.jdt.ui,3.7.1.r371_v20110824-0800,"org.eclipse.jdt.ui.CompilationUnitEditor",1496462343635
executed,command,org.eclipse.ui,3.7.0.I20110602-0100,"org.eclipse.ui.file.saveAll",1496462356574
deactivated,workbench,org.eclipse.ui.workbench,3.7.0.I20110519-0100,"",1496462357761
activated,workbench,org.eclipse.ui.workbench,3.7.0.I20110519-0100,"",1496462360746
activated,view,org.eclipse.ui.console,3.5.100.v20110511,"org.eclipse.ui.console.ConsoleView",1496462360758
executed,command,org.eclipse.ui,3.7.0.I20110602-0100,"org.eclipse.ui.edit.copy",1496462362125
deactivated,workbench,org.eclipse.ui.workbench,3.7.0.I20110519-0100,"",1496462362830
activated,workbench,org.eclipse.ui.workbench,3.7.0.I20110519-0100,"",1496462372056
activated,editor,org.eclipse.jdt.ui,3.7.1.r371_v20110824-0800,"org.eclipse.jdt.ui.CompilationUnitEditor",1496462374731
executed,command,org.eclipse.ui.workbench.texteditor,3.7.0.v20110505-0800,"org.eclipse.ui.edit.text.toggleOverwrite",1496462389478
executed,command,org.eclipse.ui.workbench.texteditor,3.7.0.v20110505-0800,"org.eclipse.ui.edit.text.toggleOverwrite",1496462390259
executed,command,org.eclipse.ui,3.7.0.I20110602-0100,"org.eclipse.ui.file.saveAll",1496462395603
activated,view,org.eclipse.ui.console,3.5.100.v20110511,"org.eclipse.ui.console.ConsoleView",1496462397015
deactivated,workbench,org.eclipse.ui.workbench,3.7.0.I20110519-0100,"",1496462408611
activated,workbench,org.eclipse.ui.workbench,3.7.0.I20110519-0100,"",1496462424932
activated,editor,org.eclipse.jdt.ui,3.7.1.r371_v20110824-0800,"org.eclipse.jdt.ui.CompilationUnitEditor",1496462427296
executed,command,org.eclipse.ui,3.7.0.I20110602-0100,"org.eclipse.ui.file.saveAll",1496462525096
deactivated,workbench,org.eclipse.ui.workbench,3.7.0.I20110519-0100,"",1496462525753
activated,workbench,org.eclipse.ui.workbench,3.7.0.I20110519-0100,"",1496462545327
activated,view,org.eclipse.ui.console,3.5.100.v20110511,"org.eclipse.ui.console.ConsoleView",1496462546929
activated,editor,org.eclipse.jdt.ui,3.7.1.r371_v20110824-0800,"org.eclipse.jdt.ui.CompilationUnitEditor",1496462548163
activated,view,org.eclipse.jdt.ui,3.7.1.r371_v20110824-0800,"org.eclipse.jdt.ui.PackageExplorer",1496462551976
activated,editor,org.eclipse.jdt.ui,3.7.1.r371_v20110824-0800,"org.eclipse.jdt.ui.CompilationUnitEditor",1496462552117
executed,command,org.eclipse.ui,3.7.0.I20110602-0100,"org.eclipse.ui.file.saveAll",1496462560559
deactivated,workbench,org.eclipse.ui.workbench,3.7.0.I20110519-0100,"",1496462561310
activated,workbench,org.eclipse.ui.workbench,3.7.0.I20110519-0100,"",1496462573506
activated,view,org.eclipse.ui.console,3.5.100.v20110511,"org.eclipse.ui.console.ConsoleView",1496462574684
activated,editor,org.eclipse.jdt.ui,3.7.1.r371_v20110824-0800,"org.eclipse.jdt.ui.CompilationUnitEditor",1496462575653
executed,command,org.eclipse.ui,3.7.0.I20110602-0100,"org.eclipse.ui.file.saveAll",1496462578747
activated,editor,org.eclipse.jdt.ui,3.7.1.r371_v20110824-0800,"org.eclipse.jdt.ui.CompilationUnitEditor",1496462579935
executed,command,org.eclipse.ui,3.7.0.I20110602-0100,"org.eclipse.ui.file.saveAll",1496462597375
activated,editor,org.eclipse.jdt.ui,3.7.1.r371_v20110824-0800,"org.eclipse.jdt.ui.CompilationUnitEditor",1496462598375
executed,command,org.eclipse.ui,3.7.0.I20110602-0100,"org.eclipse.ui.file.saveAll",1496462612988
deactivated,workbench,org.eclipse.ui.workbench,3.7.0.I20110519-0100,"",1496462613722
activated,workbench,org.eclipse.ui.workbench,3.7.0.I20110519-0100,"",1496462624982
activated,view,org.eclipse.ui.console,3.5.100.v20110511,"org.eclipse.ui.console.ConsoleView",1496462627428
activated,editor,org.eclipse.jdt.ui,3.7.1.r371_v20110824-0800,"org.eclipse.jdt.ui.CompilationUnitEditor",1496462638604
executed,command,org.eclipse.ui,3.7.0.I20110602-0100,"org.eclipse.ui.file.saveAll",1496462651433
deactivated,workbench,org.eclipse.ui.workbench,3.7.0.I20110519-0100,"",1496462654465
activated,workbench,org.eclipse.ui.workbench,3.7.0.I20110519-0100,"",1496462667743
activated,editor,org.eclipse.jdt.ui,3.7.1.r371_v20110824-0800,"org.eclipse.jdt.ui.CompilationUnitEditor",1496462679528
activated,view,org.eclipse.jdt.ui,3.7.1.r371_v20110824-0800,"org.eclipse.jdt.ui.PackageExplorer",1496462703402
opened,editor,org.eclipse.jdt.ui,3.7.1.r371_v20110824-0800,"org.eclipse.jdt.ui.CompilationUnitEditor",1496462703605
activated,editor,org.eclipse.jdt.ui,3.7.1.r371_v20110824-0800,"org.eclipse.jdt.ui.CompilationUnitEditor",1496462703620
activated,view,org.eclipse.jdt.ui,3.7.1.r371_v20110824-0800,"org.eclipse.jdt.ui.PackageExplorer",1496462704152
opened,editor,org.eclipse.jdt.ui,3.7.1.r371_v20110824-0800,"org.eclipse.jdt.ui.CompilationUnitEditor",1496462704355
activated,editor,org.eclipse.jdt.ui,3.7.1.r371_v20110824-0800,"org.eclipse.jdt.ui.CompilationUnitEditor",1496462704370
activated,view,org.eclipse.jdt.ui,3.7.1.r371_v20110824-0800,"org.eclipse.jdt.ui.PackageExplorer",1496462705980
activated,editor,org.eclipse.jdt.ui,3.7.1.r371_v20110824-0800,"org.eclipse.jdt.ui.CompilationUnitEditor",1496462706136
activated,view,org.eclipse.jdt.ui,3.7.1.r371_v20110824-0800,"org.eclipse.jdt.ui.PackageExplorer",1496462706917
activated,editor,org.eclipse.jdt.ui,3.7.1.r371_v20110824-0800,"org.eclipse.jdt.ui.CompilationUnitEditor",1496462707121
activated,editor,org.eclipse.jdt.ui,3.7.1.r371_v20110824-0800,"org.eclipse.jdt.ui.CompilationUnitEditor",1496462718309
closed,editor,org.eclipse.jdt.ui,3.7.1.r371_v20110824-0800,"org.eclipse.jdt.ui.CompilationUnitEditor",1496462718309
activated,view,org.eclipse.jdt.ui,3.7.1.r371_v20110824-0800,"org.eclipse.jdt.ui.PackageExplorer",1496462721966
opened,editor,org.eclipse.jdt.ui,3.7.1.r371_v20110824-0800,"org.eclipse.jdt.ui.CompilationUnitEditor",1496462722123
activated,editor,org.eclipse.jdt.ui,3.7.1.r371_v20110824-0800,"org.eclipse.jdt.ui.CompilationUnitEditor",1496462722138
executed,command,org.eclipse.ui,3.7.0.I20110602-0100,"org.eclipse.ui.edit.undo",1496462734499
executed,command,org.eclipse.ui,3.7.0.I20110602-0100,"org.eclipse.ui.edit.undo",1496462734843
executed,command,org.eclipse.ui,3.7.0.I20110602-0100,"org.eclipse.ui.file.saveAll",1496462736858
activated,editor,org.eclipse.jdt.ui,3.7.1.r371_v20110824-0800,"org.eclipse.jdt.ui.CompilationUnitEditor",1496462741546
closed,editor,org.eclipse.jdt.ui,3.7.1.r371_v20110824-0800,"org.eclipse.jdt.ui.CompilationUnitEditor",1496462741546
activated,view,org.eclipse.ui.console,3.5.100.v20110511,"org.eclipse.ui.console.ConsoleView",1496462744062
activated,editor,org.eclipse.jdt.ui,3.7.1.r371_v20110824-0800,"org.eclipse.jdt.ui.CompilationUnitEditor",1496462749344
activated,editor,org.eclipse.jdt.ui,3.7.1.r371_v20110824-0800,"org.eclipse.jdt.ui.CompilationUnitEditor",1496462749360
closed,editor,org.eclipse.jdt.ui,3.7.1.r371_v20110824-0800,"org.eclipse.jdt.ui.CompilationUnitEditor",1496462749360
executed,command,org.eclipse.ui,3.7.0.I20110602-0100,"org.eclipse.ui.file.saveAll",1496462777943
activated,editor,org.eclipse.jdt.ui,3.7.1.r371_v20110824-0800,"org.eclipse.jdt.ui.CompilationUnitEditor",1496462784194
deactivated,workbench,org.eclipse.ui.workbench,3.7.0.I20110519-0100,"",1496462793913
activated,workbench,org.eclipse.ui.workbench,3.7.0.I20110519-0100,"",1496462811752
activated,view,org.eclipse.ui.console,3.5.100.v20110511,"org.eclipse.ui.console.ConsoleView",1496462813220
activated,editor,org.eclipse.jdt.ui,3.7.1.r371_v20110824-0800,"org.eclipse.jdt.ui.CompilationUnitEditor",1496462828055
executed,command,org.eclipse.ui,3.7.0.I20110602-0100,"org.eclipse.ui.file.saveAll",1496462834055
deactivated,workbench,org.eclipse.ui.workbench,3.7.0.I20110519-0100,"",1496462834680
activated,workbench,org.eclipse.ui.workbench,3.7.0.I20110519-0100,"",1496462851078
activated,view,org.eclipse.ui.console,3.5.100.v20110511,"org.eclipse.ui.console.ConsoleView",1496462852464
activated,editor,org.eclipse.jdt.ui,3.7.1.r371_v20110824-0800,"org.eclipse.jdt.ui.CompilationUnitEditor",1496462853495
executed,command,org.eclipse.ui,3.7.0.I20110602-0100,"org.eclipse.ui.file.saveAll",1496462855823
activated,editor,org.eclipse.jdt.ui,3.7.1.r371_v20110824-0800,"org.eclipse.jdt.ui.CompilationUnitEditor",1496462870577
activated,editor,org.eclipse.jdt.ui,3.7.1.r371_v20110824-0800,"org.eclipse.jdt.ui.CompilationUnitEditor",1496462906888
activated,view,org.eclipse.jdt.ui,3.7.1.r371_v20110824-0800,"org.eclipse.jdt.ui.PackageExplorer",1496462915025
opened,editor,org.eclipse.jdt.ui,3.7.1.r371_v20110824-0800,"org.eclipse.jdt.ui.CompilationUnitEditor",1496462915260
activated,editor,org.eclipse.jdt.ui,3.7.1.r371_v20110824-0800,"org.eclipse.jdt.ui.CompilationUnitEditor",1496462915275
activated,editor,org.eclipse.jdt.ui,3.7.1.r371_v20110824-0800,"org.eclipse.jdt.ui.CompilationUnitEditor",1496462922303
closed,editor,org.eclipse.jdt.ui,3.7.1.r371_v20110824-0800,"org.eclipse.jdt.ui.CompilationUnitEditor",1496462922303
activated,editor,org.eclipse.jdt.ui,3.7.1.r371_v20110824-0800,"org.eclipse.jdt.ui.CompilationUnitEditor",1496462937536
activated,editor,org.eclipse.jdt.ui,3.7.1.r371_v20110824-0800,"org.eclipse.jdt.ui.CompilationUnitEditor",1496462942318
activated,editor,org.eclipse.jdt.ui,3.7.1.r371_v20110824-0800,"org.eclipse.jdt.ui.CompilationUnitEditor",1496462944537
executed,command,org.eclipse.ui,3.7.0.I20110602-0100,"org.eclipse.ui.file.saveAll",1496462963035
deactivated,workbench,org.eclipse.ui.workbench,3.7.0.I20110519-0100,"",1496462963847
activated,workbench,org.eclipse.ui.workbench,3.7.0.I20110519-0100,"",1496462981477
activated,view,org.eclipse.ui.console,3.5.100.v20110511,"org.eclipse.ui.console.ConsoleView",1496462998053
deactivated,workbench,org.eclipse.ui.workbench,3.7.0.I20110519-0100,"",1496463007508
activated,workbench,org.eclipse.ui.workbench,3.7.0.I20110519-0100,"",1496463010101
deactivated,workbench,org.eclipse.ui.workbench,3.7.0.I20110519-0100,"",1496463013960
activated,workbench,org.eclipse.ui.workbench,3.7.0.I20110519-0100,"",1496463019284
activated,editor,org.eclipse.jdt.ui,3.7.1.r371_v20110824-0800,"org.eclipse.jdt.ui.CompilationUnitEditor",1496463022592
executed,command,org.eclipse.ui,3.7.0.I20110602-0100,"org.eclipse.ui.edit.undo",1496463035703
executed,command,org.eclipse.ui,3.7.0.I20110602-0100,"org.eclipse.ui.edit.undo",1496463035985
executed,command,org.eclipse.ui,3.7.0.I20110602-0100,"org.eclipse.ui.file.saveAll",1496463042282
activated,editor,org.eclipse.jdt.ui,3.7.1.r371_v20110824-0800,"org.eclipse.jdt.ui.CompilationUnitEditor",1496463067520
executed,command,org.eclipse.ui,3.7.0.I20110602-0100,"org.eclipse.ui.file.saveAll",1496463085348
deactivated,workbench,org.eclipse.ui.workbench,3.7.0.I20110519-0100,"",1496463089567
activated,workbench,org.eclipse.ui.workbench,3.7.0.I20110519-0100,"",1496463229537
activated,view,org.eclipse.jdt.ui,3.7.1.r371_v20110824-0800,"org.eclipse.jdt.ui.PackageExplorer",1496463241218
opened,editor,org.eclipse.jdt.ui,3.7.1.r371_v20110824-0800,"org.eclipse.jdt.ui.CompilationUnitEditor",1496463241441
activated,editor,org.eclipse.jdt.ui,3.7.1.r371_v20110824-0800,"org.eclipse.jdt.ui.CompilationUnitEditor",1496463241471
executed,command,org.eclipse.ui,3.7.0.I20110602-0100,"org.eclipse.ui.file.saveAll",1496463275355
activated,view,org.eclipse.ui.console,3.5.100.v20110511,"org.eclipse.ui.console.ConsoleView",1496463277013
deactivated,workbench,org.eclipse.ui.workbench,3.7.0.I20110519-0100,"",1496463278660
activated,workbench,org.eclipse.ui.workbench,3.7.0.I20110519-0100,"",1496463290370
activated,editor,org.eclipse.jdt.ui,3.7.1.r371_v20110824-0800,"org.eclipse.jdt.ui.CompilationUnitEditor",1496463293812
activated,editor,org.eclipse.jdt.ui,3.7.1.r371_v20110824-0800,"org.eclipse.jdt.ui.CompilationUnitEditor",1496463295046
activated,editor,org.eclipse.jdt.ui,3.7.1.r371_v20110824-0800,"org.eclipse.jdt.ui.CompilationUnitEditor",1496463295734
activated,editor,org.eclipse.jdt.ui,3.7.1.r371_v20110824-0800,"org.eclipse.jdt.ui.CompilationUnitEditor",1496463301391
executed,command,org.eclipse.ui,3.7.0.I20110602-0100,"org.eclipse.ui.file.saveAll",1496463306292
deactivated,workbench,org.eclipse.ui.workbench,3.7.0.I20110519-0100,"",1496463307058
activated,workbench,org.eclipse.ui.workbench,3.7.0.I20110519-0100,"",1496463324364
activated,view,org.eclipse.ui.console,3.5.100.v20110511,"org.eclipse.ui.console.ConsoleView",1496463325845
deactivated,workbench,org.eclipse.ui.workbench,3.7.0.I20110519-0100,"",1496463339516
activated,workbench,org.eclipse.ui.workbench,3.7.0.I20110519-0100,"",1496463340837
deactivated,workbench,org.eclipse.ui.workbench,3.7.0.I20110519-0100,"",1496463341205
activated,workbench,org.eclipse.ui.workbench,3.7.0.I20110519-0100,"",1496463341815
deactivated,workbench,org.eclipse.ui.workbench,3.7.0.I20110519-0100,"",1496463342190
activated,workbench,org.eclipse.ui.workbench,3.7.0.I20110519-0100,"",1496463344984
deactivated,workbench,org.eclipse.ui.workbench,3.7.0.I20110519-0100,"",1496463346922
activated,workbench,org.eclipse.ui.workbench,3.7.0.I20110519-0100,"",1496463347782
closed,workbench,org.eclipse.ui.workbench,3.7.0.I20110519-0100,"",1496463348016
stopped,bundle,org.eclipse.m2e.logback.configuration,1.0.100.20110804-1717,"org.eclipse.m2e.logback.configuration",1496463349708
stopped,bundle,org.eclipse.m2e.discovery,1.0.100.20110804-1717,"org.eclipse.m2e.discovery",1496463349755
stopped,bundle,org.eclipse.m2e.refactoring,1.0.100.20110804-1717,"org.eclipse.m2e.refactoring",1496463349755
stopped,bundle,org.eclipse.m2e.editor,1.0.100.20110804-1717,"org.eclipse.m2e.editor",1496463349786
stopped,bundle,org.eclipse.m2e.editor.xml,1.0.100.20110804-1717,"org.eclipse.m2e.editor.xml",1496463349817
stopped,bundle,org.eclipse.m2e.jdt,1.0.100.20110804-1717,"org.eclipse.m2e.jdt",1496463349848
stopped,bundle,org.eclipse.m2e.launching,1.0.100.20110804-1717,"org.eclipse.m2e.launching",1496463349848
stopped,bundle,org.eclipse.m2e.usagedata,1.0.100.20110804-1717,"org.eclipse.m2e.usagedata",1496463349848
stopped,bundle,org.eclipse.cdt,8.0.2.201211091924,"org.eclipse.cdt",1496463349864
stopped,bundle,org.eclipse.cdt.doc.user,5.1.1.201211091924,"org.eclipse.cdt.doc.user",1496463350036
stopped,bundle,org.eclipse.ui.cheatsheets,3.4.100.v20110425,"org.eclipse.ui.cheatsheets",1496463350052
stopped,bundle,org.eclipse.help.ui,3.5.101.r37_20110819,"org.eclipse.help.ui",1496463350082
stopped,bundle,org.eclipse.help.webapp,3.6.0.v20110518,"org.eclipse.help.webapp",1496463350129
stopped,bundle,org.eclipse.epp.mpc.ui,1.1.1.I20110907-0947,"org.eclipse.epp.mpc.ui",1496463350129
activated,perspective,org.eclipse.jdt.ui,,"org.eclipse.jdt.ui.JavaPerspective",1496463985581
started,bundle,org.eclipse.osgi,3.7.1.R37x_v20110808-1106,"org.eclipse.osgi",1496463985582
started,bundle,org.eclipse.equinox.simpleconfigurator,1.0.200.v20110502-1955,"org.eclipse.equinox.simpleconfigurator",1496463985583
started,bundle,com.ibm.icu,4.4.2.v20110208,"com.ibm.icu",1496463985584
started,bundle,org.eclipse.compare.core,3.5.200.I20110208-0800,"org.eclipse.compare.core",1496463985585
started,bundle,org.eclipse.core.contenttype,3.4.100.v20110423-0524,"org.eclipse.core.contenttype",1496463985586
started,bundle,org.eclipse.core.databinding.observable,1.4.0.I20110222-0800,"org.eclipse.core.databinding.observable",1496463985587
started,bundle,org.eclipse.core.expressions,3.4.300.v20110228,"org.eclipse.core.expressions",1496463985588
started,bundle,org.eclipse.core.filebuffers,3.5.200.v20110505-0800,"org.eclipse.core.filebuffers",1496463985588
started,bundle,org.eclipse.core.filesystem,1.3.100.v20110423-0524,"org.eclipse.core.filesystem",1496463985589
started,bundle,org.eclipse.core.jobs,3.5.100.v20110404,"org.eclipse.core.jobs",1496463985590
started,bundle,org.eclipse.core.net,1.2.100.I20110511-0800,"org.eclipse.core.net",1496463985591
started,bundle,org.eclipse.core.resources,3.7.100.v20110510-0712,"org.eclipse.core.resources",1496463985608
started,bundle,org.eclipse.core.runtime,3.7.0.v20110110,"org.eclipse.core.runtime",1496463985610
started,bundle,org.eclipse.core.runtime.compatibility,3.2.100.v20100505,"org.eclipse.core.runtime.compatibility",1496463985611
started,bundle,org.eclipse.core.runtime.compatibility.auth,3.2.200.v20110110,"org.eclipse.core.runtime.compatibility.auth",1496463985612
started,bundle,org.eclipse.core.variables,3.2.500.v20110511,"org.eclipse.core.variables",1496463985613
started,bundle,org.eclipse.debug.core,3.7.0.v20110518,"org.eclipse.debug.core",1496463985615
started,bundle,org.eclipse.egit.core,1.1.0.201109151100-r,"org.eclipse.egit.core",1496463985617
started,bundle,org.eclipse.egit.ui,1.1.0.201109151100-r,"org.eclipse.egit.ui",1496463985649
started,bundle,org.eclipse.epp.mpc.ui,1.1.1.I20110907-0947,"org.eclipse.epp.mpc.ui",1496463985651
started,bundle,org.eclipse.epp.usagedata.gathering,1.3.1.R201106061540,"org.eclipse.epp.usagedata.gathering",1496463985651
started,bundle,org.eclipse.epp.usagedata.recording,1.3.1.R201106061540,"org.eclipse.epp.usagedata.recording",1496463985653
started,bundle,org.eclipse.equinox.app,1.3.100.v20110321,"org.eclipse.equinox.app",1496463985653
started,bundle,org.eclipse.equinox.common,3.6.0.v20110523,"org.eclipse.equinox.common",1496463985653
started,bundle,org.eclipse.equinox.ds,1.3.1.R37x_v20110701,"org.eclipse.equinox.ds",1496463985654
started,bundle,org.eclipse.equinox.event,1.2.100.v20110502,"org.eclipse.equinox.event",1496463985654
started,bundle,org.eclipse.equinox.p2.core,2.1.0.v20110502-1955,"org.eclipse.equinox.p2.core",1496463985655
started,bundle,org.eclipse.equinox.p2.directorywatcher,1.0.300.v20110502-1955,"org.eclipse.equinox.p2.directorywatcher",1496463985656
started,bundle,org.eclipse.equinox.p2.engine,2.1.0.v20110511,"org.eclipse.equinox.p2.engine",1496463985662
started,bundle,org.eclipse.equinox.p2.metadata,2.1.0.v20110510,"org.eclipse.equinox.p2.metadata",1496463985662
started,bundle,org.eclipse.equinox.p2.metadata.repository,1.2.0.v20110511-1359,"org.eclipse.equinox.p2.metadata.repository",1496463985663
started,bundle,org.eclipse.equinox.p2.operations,2.1.0.v20110511-1821,"org.eclipse.equinox.p2.operations",1496463985664
started,bundle,org.eclipse.equinox.p2.reconciler.dropins,1.1.100.v20110510,"org.eclipse.equinox.p2.reconciler.dropins",1496463985665
started,bundle,org.eclipse.equinox.p2.repository,2.1.0.v20110601,"org.eclipse.equinox.p2.repository",1496463985665
started,bundle,org.eclipse.equinox.preferences,3.4.1.R37x_v20110725,"org.eclipse.equinox.preferences",1496463985667
started,bundle,org.eclipse.equinox.registry,3.5.101.R37x_v20110810-1611,"org.eclipse.equinox.registry",1496463985668
started,bundle,org.eclipse.equinox.security,1.1.1.R37x_v20110822-1018,"org.eclipse.equinox.security",1496463985892
started,bundle,org.eclipse.equinox.util,1.0.300.v20110502,"org.eclipse.equinox.util",1496463985893
started,bundle,org.eclipse.help,3.5.100.v20110426,"org.eclipse.help",1496463985934
started,bundle,org.eclipse.jdt.apt.core,3.3.500.v20110420-1015,"org.eclipse.jdt.apt.core",1496463985935
started,bundle,org.eclipse.jdt.apt.pluggable.core,1.0.400.v20110305-1450,"org.eclipse.jdt.apt.pluggable.core",1496463985936
started,bundle,org.eclipse.jdt.core,3.7.1.v_B76_R37x,"org.eclipse.jdt.core",1496463985937
started,bundle,org.eclipse.jdt.core.manipulation,1.4.0.v20110505-0800,"org.eclipse.jdt.core.manipulation",1496463985938
started,bundle,org.eclipse.jdt.launching,3.6.1.v20110803_r371,"org.eclipse.jdt.launching",1496463985939
started,bundle,org.eclipse.jdt.ui,3.7.1.r371_v20110824-0800,"org.eclipse.jdt.ui",1496463985939
started,bundle,org.eclipse.jface,3.7.0.I20110522-1430,"org.eclipse.jface",1496463985939
started,bundle,org.eclipse.jgit,1.1.0.201109151100-r,"org.eclipse.jgit",1496463985940
started,bundle,org.eclipse.jsch.core,1.1.300.I20110514-0800,"org.eclipse.jsch.core",1496463985941
started,bundle,org.eclipse.ltk.core.refactoring,3.5.201.r371_v20110824-0800,"org.eclipse.ltk.core.refactoring",1496463985941
